species,seed,property,coefficient,spearman,r2,mae,spearman_ci_lo,spearman_ci_hi
e_coli,0,net_charge,0,0.9331545125428854,0.9143408945154796,0.4600178277984314,0.918766649930265,0.9447537375483841
e_coli,0,net_charge,1,0.8872798147813764,0.8113562858925474,0.6860245595420443,0.8666298304928136,0.9039238736786159
e_coli,0,net_charge,2,0.8422105830258019,0.7676413599009879,0.7693331744668256,0.8132831558213149,0.8663177502424809
e_coli,0,net_charge,3,0.7722097695058774,0.6469370526642493,0.9501795957463322,0.7351869236814333,0.8029874095157908
e_coli,0,charge_density,0,0.9572956652106805,0.9197888850264081,0.02931104041560521,0.9489723269140523,0.9637388309223309
e_coli,0,charge_density,1,0.8809374816308106,0.7732565630550877,0.049318309967308106,0.8596676856273533,0.8989646795352387
e_coli,0,charge_density,2,0.8397895301119106,0.7296635042692784,0.05488061925612128,0.81066797547253,0.8670617822120621
e_coli,0,charge_density,3,0.7818073221791777,0.6260962482626392,0.0644057767486821,0.7494006485767282,0.8142479261733505
e_coli,0,pI,0,0.8330017173129067,0.6500829823310559,0.5574481079845621,0.8027308655505154,0.857874931220564
e_coli,0,pI,1,0.7630919337399533,0.47057055339289533,0.7007902671503011,0.7272644704615226,0.7919634585375268
e_coli,0,pI,2,0.7007971815642845,0.4050536582907064,0.7186223546490396,0.6561004706473657,0.7414001902617485
e_coli,0,pI,3,0.6506538225210715,0.370418377608973,0.7331081148838889,0.5978801971293868,0.6973634413700581
e_coli,0,mean_hydrophobicity,0,0.9639644918493759,0.9386900422935094,0.18080842490186672,0.9563564109760718,0.9690475745809609
e_coli,0,mean_hydrophobicity,1,0.8608450726125175,0.7803227247750604,0.341212407228385,0.834475663365574,0.8828446007712051
e_coli,0,mean_hydrophobicity,2,0.8494708506029672,0.7750237716434482,0.34302314706641057,0.8208343384526668,0.8721745850618916
e_coli,0,mean_hydrophobicity,3,0.7601053603228924,0.6084684665080373,0.4599065709136358,0.7194837314807204,0.7937035928567301
e_coli,0,hydrophilic_fraction,0,0.9407594936236815,0.8910091494674678,0.030821092197120776,0.929329166412985,0.94887943612781
e_coli,0,hydrophilic_fraction,1,0.8332103399495582,0.7134096779589252,0.04878796447849138,0.8006022373545473,0.8587008399497144
e_coli,0,hydrophilic_fraction,2,0.810938122127214,0.6649966736216639,0.05384879490629591,0.7841415348051762,0.8335415568558514
e_coli,0,hydrophilic_fraction,3,0.7391368863683565,0.5460822651979352,0.06364798492316445,0.7024676644726888,0.7748509908994987
e_coli,0,helix_propensity,0,0.9186350584284964,0.880776072245443,0.04117191788140746,0.9014978897146839,0.9303528189385698
e_coli,0,helix_propensity,1,0.7634989762332793,0.6170185360413908,0.07440129995800351,0.7295971271107838,0.7943717137221448
e_coli,0,helix_propensity,2,0.7421491018243338,0.5607353897323172,0.07744330153188857,0.7025396882521232,0.7738511768076373
e_coli,0,helix_propensity,3,0.6443618531736537,0.4483501563074057,0.08641042840586813,0.5947249314800284,0.6878350766762866
e_coli,0,hydrophobic_moment,0,0.7904980711351292,0.6255371712957772,0.23951561113085165,0.7572280680793074,0.8205670415620109
e_coli,0,hydrophobic_moment,1,0.7112824970934222,0.5466220445917898,0.26547279057420986,0.6670955331890297,0.7508978039571516
e_coli,0,hydrophobic_moment,2,0.6707988642483024,0.43612989235824307,0.2989692077916466,0.6284969789680664,0.7125768906438733
e_coli,0,hydrophobic_moment,3,0.657297966687216,0.4155002953727567,0.30190266088386913,0.6112357716833361,0.7013378140899912
e_coli,1,net_charge,0,0.9464485714030032,0.9051313796912549,0.46384599778075025,0.9349884094254651,0.9554239528224916
e_coli,1,net_charge,1,0.895310349002696,0.8353955120812191,0.6230683224031092,0.8759382259851682,0.9122048308673328
e_coli,1,net_charge,2,0.8552889165299558,0.7615680563511307,0.744414942894641,0.827855990672375,0.8762141308966204
e_coli,1,net_charge,3,0.8210437429297575,0.6847706582219675,0.8341016088508778,0.7909033534856817,0.8469302081336554
e_coli,1,charge_density,0,0.9626716592381978,0.9364297784617652,0.02614946188920719,0.9543083996694577,0.9686761441392575
e_coli,1,charge_density,1,0.9031769157383585,0.8415831186577236,0.041409415617469574,0.8847777182043092,0.9183995071926214
e_coli,1,charge_density,2,0.832123330761662,0.7304060847421927,0.05488747313834735,0.8019768607816752,0.8565100093694167
e_coli,1,charge_density,3,0.8224114989057191,0.690707116799538,0.05600950395240735,0.7926861218104317,0.849763540493546
e_coli,1,pI,0,0.8550083035585962,0.7165962552051651,0.5015831700232004,0.8275677546031386,0.8793684135142142
e_coli,1,pI,1,0.7215546494392722,0.5403809241533432,0.6633395192230978,0.6770415776052502,0.7613994881299317
e_coli,1,pI,2,0.7192702218965424,0.5021465064109496,0.6846713375663477,0.6753038816843233,0.7589621725123359
e_coli,1,pI,3,0.7089191398710789,0.4598228325694196,0.7054864111599092,0.6669695414301473,0.7469505020968759
e_coli,1,mean_hydrophobicity,0,0.9628294308506485,0.9453072846015539,0.1722508941544927,0.9549524747659744,0.9687789845549996
e_coli,1,mean_hydrophobicity,1,0.9133696645753957,0.8608522025442769,0.28016758079923754,0.897037725021752,0.9263179451918296
e_coli,1,mean_hydrophobicity,2,0.8662170852510603,0.7959423931419265,0.33162355156366025,0.8407548304734215,0.8874891294981435
e_coli,1,mean_hydrophobicity,3,0.805833446328425,0.6634163451412258,0.43306021533255856,0.7732118286528362,0.8338590817927383
e_coli,1,hydrophilic_fraction,0,0.9420507826567915,0.9032918915585021,0.029664803646727148,0.9314936866727911,0.9502531596768131
e_coli,1,hydrophilic_fraction,1,0.891880600760417,0.8022356258249185,0.041578074483685,0.8742038902199254,0.90677765841155
e_coli,1,hydrophilic_fraction,2,0.8786283811906201,0.7641626362503857,0.044604946654689975,0.8559968721659136,0.8970014210367101
e_coli,1,hydrophilic_fraction,3,0.807609253651115,0.6461303189729581,0.054438262754523806,0.7762890296455083,0.8334604092952561
e_coli,1,helix_propensity,0,0.9431241427497419,0.9061294589564589,0.034954802658520405,0.9315909390160515,0.9519065002217597
e_coli,1,helix_propensity,1,0.7967609912791428,0.6720152852700474,0.06756385651460094,0.764643138917303,0.826018904499513
e_coli,1,helix_propensity,2,0.7627728984563388,0.621008677646347,0.07122486572039922,0.719748061170179,0.7973827697303048
e_coli,1,helix_propensity,3,0.7055594431888599,0.5027870802144285,0.08357917701375492,0.6638279537457257,0.7407993034564634
e_coli,1,hydrophobic_moment,0,0.8685720904051437,0.7790087451991113,0.18229925564506028,0.8435827421095246,0.8891311426749097
e_coli,1,hydrophobic_moment,1,0.7822505460874948,0.6164210940459418,0.25210439624342673,0.7496282825665032,0.8103648016230931
e_coli,1,hydrophobic_moment,2,0.7428183200020104,0.5837570737790174,0.26424854320101737,0.7042323803987275,0.7778200856384963
e_coli,1,hydrophobic_moment,3,0.5658036193078242,0.3900411522524668,0.3129130108137333,0.507596295546907,0.6229985696420689
e_coli,2,net_charge,0,0.9451126702414895,0.9219529655591743,0.4432853076296022,0.934695597882447,0.9530314726803779
e_coli,2,net_charge,1,0.9110006238672274,0.8372365270256663,0.6193743898850962,0.894420305529183,0.9246817348153374
e_coli,2,net_charge,2,0.8749349956280824,0.7840405852108316,0.715206703019552,0.8541436344760429,0.8929688570933505
e_coli,2,net_charge,3,0.834266109353321,0.751507592052862,0.7830339748394388,0.806379378478446,0.8579533090497521
e_coli,2,charge_density,0,0.9704598859155907,0.9419151144874304,0.02545386032069721,0.964957264038661,0.9744275644660526
e_coli,2,charge_density,1,0.910106565248195,0.8450484172813687,0.04025124086384891,0.89173843168268,0.9261342490455714
e_coli,2,charge_density,2,0.8678951031949206,0.7843441492789469,0.04778062040521479,0.8424768449483794,0.8898942714493989
e_coli,2,charge_density,3,0.8406188495900199,0.7042442932326527,0.05646424854994262,0.8155350338563668,0.8633614064445292
e_coli,2,pI,0,0.8635270463339128,0.7306030878279388,0.5105493920338727,0.8366098608465209,0.8875700980035982
e_coli,2,pI,1,0.8355665903241494,0.6325174336086534,0.5854642718119389,0.8069639272267827,0.8601157825478974
e_coli,2,pI,2,0.8097391276309359,0.5590439578710723,0.6090092053753493,0.7786686801967164,0.8397530045406774
e_coli,2,pI,3,0.706260350843674,0.4560722409676129,0.6782622367881095,0.6600304190512971,0.7496300527482596
e_coli,2,mean_hydrophobicity,0,0.9626230477123708,0.9415480368962001,0.1782010594829783,0.9561710804078181,0.9681713957161702
e_coli,2,mean_hydrophobicity,1,0.8807721945498925,0.8224545387858753,0.30916796879538494,0.8574347770319882,0.8999675287141561
e_coli,2,mean_hydrophobicity,2,0.843389459536569,0.7404972201117095,0.3754774266814214,0.8172549322765983,0.86462263565618
e_coli,2,mean_hydrophobicity,3,0.7525505864683714,0.6413810951010965,0.44962840510774854,0.7106702781220698,0.7873745655932946
e_coli,2,hydrophilic_fraction,0,0.9372104668846106,0.8916253641350069,0.030397381644332404,0.9249745234667809,0.946962542444371
e_coli,2,hydrophilic_fraction,1,0.8479905485693044,0.7395536023767093,0.04680090878006935,0.8180095857106356,0.872296259404305
e_coli,2,hydrophilic_fraction,2,0.8187281068646092,0.64922731054305,0.05536184733317667,0.79023747855992,0.8429568744583773
e_coli,2,hydrophilic_fraction,3,0.7114628205261082,0.5351728925134662,0.06458146867209762,0.6674743280763805,0.7492790250034794
e_coli,2,helix_propensity,0,0.9443657057588654,0.9061602517516214,0.035769577332247976,0.933430821072368,0.9529704167277755
e_coli,2,helix_propensity,1,0.7563674122439736,0.6374348152918308,0.07064986100132517,0.7142573902733786,0.792086193652082
e_coli,2,helix_propensity,2,0.7671034298019473,0.6345915492527425,0.06996880124016902,0.7299456876206882,0.801268567973044
e_coli,2,helix_propensity,3,0.6830352228532464,0.5072115951255962,0.08324087165919798,0.6347160169581524,0.7262567807564329
e_coli,2,hydrophobic_moment,0,0.8489229701822908,0.732400550286259,0.20450562456367571,0.8233454921985671,0.8725397668860281
e_coli,2,hydrophobic_moment,1,0.7401482703668769,0.5532295229475331,0.26765540802411053,0.7055820101648106,0.7773273383841394
e_coli,2,hydrophobic_moment,2,0.7082064242646332,0.46503133410931075,0.2899142897858868,0.6635590786736378,0.750539061084968
e_coli,2,hydrophobic_moment,3,0.6578097325936177,0.407881108572001,0.31252080196143406,0.6141534868346176,0.7018972628899937
e_coli,3,net_charge,0,0.9558597404962481,0.9288506586193236,0.4231039981563028,0.9470723723009952,0.9626792041381278
e_coli,3,net_charge,1,0.8501643145025898,0.7840251103471365,0.7392970870813291,0.824288967396525,0.8723863769666429
e_coli,3,net_charge,2,0.8035844127557922,0.705166856422428,0.8495170899843016,0.7696349257481163,0.8317987760795247
e_coli,3,net_charge,3,0.788612902598576,0.6694088249820835,0.9229045741024224,0.7595114168953759,0.817083413600943
e_coli,3,charge_density,0,0.9707360111428159,0.940485055451755,0.024141205385987553,0.9641424712207765,0.9750169035944597
e_coli,3,charge_density,1,0.8644888308305216,0.769562325717159,0.04913421907152749,0.8430235899949952,0.8840604977837737
e_coli,3,charge_density,2,0.8375718120564564,0.7236728769748972,0.05513879435272008,0.8103599085203086,0.8590076354679848
e_coli,3,charge_density,3,0.8334549535064808,0.7014411655276238,0.05607740253066192,0.8069376661377067,0.8578134807446267
e_coli,3,pI,0,0.861219674775346,0.7453744109748643,0.4927878243780899,0.8353857839023052,0.882580368009309
e_coli,3,pI,1,0.7940255657581129,0.5539024041605474,0.6190546152373065,0.7590829781915656,0.8226079512346173
e_coli,3,pI,2,0.7163254793481613,0.5078755169652514,0.6865637732037981,0.6739649621457985,0.7529346018854666
e_coli,3,pI,3,0.6811951951681163,0.39088201326124294,0.7529625409555224,0.6382732812371891,0.720781372857162
e_coli,3,mean_hydrophobicity,0,0.9662023786251973,0.944679922887718,0.17674957538796188,0.9595905434321903,0.9707181245838589
e_coli,3,mean_hydrophobicity,1,0.8971974278261844,0.8322510897242101,0.3094800365104512,0.8807449949249762,0.9105926644275824
e_coli,3,mean_hydrophobicity,2,0.8637359539354149,0.7899076198216839,0.3470782321714637,0.8367265906601552,0.8849968909717357
e_coli,3,mean_hydrophobicity,3,0.7397780553183255,0.6102307358717967,0.4710993363067547,0.699829944848419,0.7762371238967026
e_coli,3,hydrophilic_fraction,0,0.9580842881512406,0.9192087395009344,0.026262876525344616,0.9498756874857991,0.9645603372062753
e_coli,3,hydrophilic_fraction,1,0.8748048844526679,0.7657737917267893,0.045771706160016024,0.8568748502355044,0.8906154604712744
e_coli,3,hydrophilic_fraction,2,0.8226228029981535,0.71588535228062,0.04893642462437419,0.7910079282571932,0.8481776948982654
e_coli,3,hydrophilic_fraction,3,0.7367431396976499,0.5884531241682708,0.060249239326853776,0.693039981120425,0.7745579113092628
e_coli,3,helix_propensity,0,0.9475804631549166,0.9155037259386338,0.03364887104048714,0.9377964356353751,0.9548459194343278
e_coli,3,helix_propensity,1,0.7500859934749071,0.6321909062708658,0.07222975523737024,0.7120787574289743,0.7840744232666762
e_coli,3,helix_propensity,2,0.6793903020462836,0.529677382360787,0.08184069241214922,0.6363772810866756,0.7191091987893976
e_coli,3,helix_propensity,3,0.5614670480394739,0.35146955038767314,0.09851692309347614,0.5099959837286304,0.607571969900411
e_coli,3,hydrophobic_moment,0,0.8388523623642378,0.7166924837515111,0.20960109974241933,0.8129856201354996,0.8596229284231891
e_coli,3,hydrophobic_moment,1,0.7680996155223556,0.5682410647816278,0.25940923421575957,0.7341287068973325,0.7996805639963404
e_coli,3,hydrophobic_moment,2,0.6825852831069723,0.47111782755921516,0.2900719699616559,0.6343840230035279,0.7265184241445262
e_coli,3,hydrophobic_moment,3,0.5659327635897441,0.29738911111414124,0.32997962844860135,0.5101426274135296,0.6191734746962195
e_coli,4,net_charge,0,0.9484768267174273,0.9117851363803908,0.4591063422901481,0.9387794008252031,0.956136913272031
e_coli,4,net_charge,1,0.8770199642516915,0.7922175876531189,0.7130032200683759,0.8561447203682645,0.895743951069193
e_coli,4,net_charge,2,0.8296495756263286,0.700390696052707,0.8732170187346598,0.8020188341168203,0.8532248434039229
e_coli,4,net_charge,3,0.7841164723281427,0.6307696101981612,0.9213919602268285,0.7488554635305874,0.8162424065442327
e_coli,4,charge_density,0,0.9572174781531759,0.9250822840472155,0.02793953477653148,0.9478814494722292,0.9637941923082476
e_coli,4,charge_density,1,0.8917511310528523,0.7787286125131743,0.04722655134382961,0.8712661100971607,0.9092219048476239
e_coli,4,charge_density,2,0.8172163251714273,0.6592982750929177,0.06002620647627859,0.786319207308716,0.8441685557309571
e_coli,4,charge_density,3,0.7936070353105862,0.6785860158819468,0.058894411400901694,0.7573509724829552,0.8239780774000363
e_coli,4,pI,0,0.8883722789044459,0.7328368542603153,0.48900245613753346,0.8677693668138348,0.907109368550096
e_coli,4,pI,1,0.8231738072300637,0.5854538120199198,0.614810098623084,0.7926741062806724,0.8472725998709744
e_coli,4,pI,2,0.7182462265620072,0.46433509458553146,0.7015874153314889,0.673396947542303,0.7557525108904031
e_coli,4,pI,3,0.7059016575352639,0.41211074841719775,0.7200341459271513,0.6631251248832454,0.7455629712201646
e_coli,4,mean_hydrophobicity,0,0.9631561131713832,0.9451812989154244,0.17371498673140381,0.9554600782245957,0.9690447538129878
e_coli,4,mean_hydrophobicity,1,0.8475364597341566,0.7808969152210983,0.3419130722285246,0.8197649964849293,0.8716978691037838
e_coli,4,mean_hydrophobicity,2,0.8489930587415553,0.7522207100904469,0.3675715387216515,0.8202780459233409,0.8726028497638404
e_coli,4,mean_hydrophobicity,3,0.7431546300179263,0.5698452221538612,0.495598856131723,0.69947822965848,0.780867632396472
e_coli,4,hydrophilic_fraction,0,0.9339859842706457,0.882460774554804,0.03237014758810676,0.9233891223343208,0.942344475196772
e_coli,4,hydrophilic_fraction,1,0.8172996794702315,0.6893837345702963,0.051606552217325144,0.7873560466222618,0.8434246045621013
e_coli,4,hydrophilic_fraction,2,0.8246825075041523,0.6868935521487074,0.05201914135162042,0.7932714601854979,0.8508880079686848
e_coli,4,hydrophilic_fraction,3,0.7262113109315684,0.5366206430781664,0.06355516487055697,0.6846986728009237,0.7613197666654594
e_coli,4,helix_propensity,0,0.9352750165048204,0.8887682813410814,0.03903739043307812,0.9231381851919062,0.9447798132952325
e_coli,4,helix_propensity,1,0.7571849578271419,0.6368099488147612,0.0719116739568333,0.7203161073862654,0.7866587263190519
e_coli,4,helix_propensity,2,0.6968911793285225,0.5579934677631708,0.08021095972467891,0.6543611301943566,0.73619936392505
e_coli,4,helix_propensity,3,0.6438276523065595,0.48752848199006393,0.08673860009133538,0.5943422417839129,0.6867181398987087
e_coli,4,hydrophobic_moment,0,0.7507639525463334,0.56828375219416,0.2613164286995851,0.7050701187801367,0.7866462477383969
e_coli,4,hydrophobic_moment,1,0.6058336835193086,0.3701027931160936,0.3177773534909669,0.5519484390935246,0.6587078477582424
e_coli,4,hydrophobic_moment,2,0.567576448572,0.2948785571747965,0.3486240651035464,0.5044643338560364,0.6196990198648618
e_coli,4,hydrophobic_moment,3,0.44520523217353297,0.18615175928765704,0.36866060794939554,0.3823803087530071,0.511062499417844
e_coli,5,net_charge,0,0.9607641823109073,0.9317471008466004,0.40394322744844724,0.9535227001263719,0.9666648059086298
e_coli,5,net_charge,1,0.8882084466158126,0.8068096059087237,0.6734268004071747,0.868670876495119,0.9059385888512926
e_coli,5,net_charge,2,0.865090913089829,0.7811141177299785,0.7233440253009772,0.8429871931740384,0.8870753514439228
e_coli,5,net_charge,3,0.8027331391341463,0.6778347138790735,0.8694111912650151,0.7718884450316921,0.8307438683567421
e_coli,5,charge_density,0,0.9740021204838917,0.9468672280115285,0.023685581252301097,0.9687901265362029,0.9779447898620455
e_coli,5,charge_density,1,0.9127590033433748,0.8481700815129645,0.03950069694706702,0.8980039701332369,0.9265757418141412
e_coli,5,charge_density,2,0.8832390310165599,0.809944131632055,0.04474543297882703,0.861153049731717,0.9022976252138846
e_coli,5,charge_density,3,0.822195517568882,0.7090983045515802,0.05427936354618746,0.7914189806665543,0.8509560419378976
e_coli,5,pI,0,0.9004024424532198,0.7531546516026376,0.46278600748275905,0.8815704766758218,0.9169936396919075
e_coli,5,pI,1,0.7565751633440364,0.5748950494079823,0.6226019129135375,0.7163273536246141,0.7938321773302597
e_coli,5,pI,2,0.7501226659657191,0.5602199435708597,0.6395949578875189,0.7112871250203358,0.7881880250984734
e_coli,5,pI,3,0.722828207176497,0.4908986404033523,0.6693689258858624,0.6812133762276392,0.7599449551658443
e_coli,5,mean_hydrophobicity,0,0.9722009425664335,0.9573008420342809,0.1569780323745959,0.9667735516691229,0.9764404686104692
e_coli,5,mean_hydrophobicity,1,0.8838101143751438,0.8088461797292172,0.32493326127575123,0.8614981349788047,0.9032370820288121
e_coli,5,mean_hydrophobicity,2,0.8485536641734209,0.7672298572704258,0.3577587032440299,0.8223551999182912,0.8705832964323615
e_coli,5,mean_hydrophobicity,3,0.7664709283689848,0.6201843124445432,0.46280211893962625,0.7282364397115698,0.8018199921822275
e_coli,5,hydrophilic_fraction,0,0.9500700348881217,0.9153210091585392,0.027102539839673256,0.940400989060128,0.9586794215649664
e_coli,5,hydrophilic_fraction,1,0.8440361425376788,0.7357456624881826,0.047126961419851815,0.8174149047086208,0.8685969647171579
e_coli,5,hydrophilic_fraction,2,0.8312630196548318,0.7037338531188733,0.05127566693680402,0.80333958506711,0.855824699929224
e_coli,5,hydrophilic_fraction,3,0.7152302836613226,0.5460623738338599,0.0634656008742671,0.6736502338093722,0.7591050578718957
e_coli,5,helix_propensity,0,0.9509404472135579,0.9158369256936181,0.03359500896179902,0.9413462353600286,0.958561699280772
e_coli,5,helix_propensity,1,0.8164258846739915,0.6976383740197049,0.06530585984648841,0.787091464613141,0.8432160083327286
e_coli,5,helix_propensity,2,0.7915802962012922,0.6695212125424648,0.06674906796001172,0.759100093884731,0.820374967495419
e_coli,5,helix_propensity,3,0.6267659722926371,0.4842757741004685,0.08513740732073645,0.5768748322518688,0.6772478820745671
e_coli,5,hydrophobic_moment,0,0.8732667691000362,0.7700281115645542,0.1887955214142634,0.851218580579034,0.8910183348290527
e_coli,5,hydrophobic_moment,1,0.7034310095757563,0.5688605027585445,0.2694724552966292,0.6573467981933113,0.7441125388981858
e_coli,5,hydrophobic_moment,2,0.6677887421604167,0.4775989550280004,0.2852602300407517,0.6187947621952833,0.7091660121870259
e_coli,5,hydrophobic_moment,3,0.602409074718323,0.3706173769360743,0.32293344817416314,0.5499388672680859,0.6506712944894649
e_coli,6,net_charge,0,0.9418559042955144,0.8944127870451216,0.5151806911842276,0.9307275184674916,0.9499169675274666
e_coli,6,net_charge,1,0.8364142347179132,0.6922868462235993,0.8949674322859047,0.8107872464525712,0.8578853633342451
e_coli,6,net_charge,2,0.8076476815817843,0.6479650746997543,0.9503695112615803,0.7787029274652348,0.8331803212868711
e_coli,6,net_charge,3,0.7305331897478976,0.5207009273659546,1.0660253660244725,0.6914266511146383,0.7637163380796175
e_coli,6,charge_density,0,0.9619061107897123,0.9290328321318347,0.02742718771850345,0.9535850076080515,0.967464599379758
e_coli,6,charge_density,1,0.8640469675471992,0.76468532528731,0.05028069852588728,0.8379878309096858,0.8855288309557955
e_coli,6,charge_density,2,0.8147094723026115,0.6882139865163434,0.0580089156311572,0.7818266765982652,0.842364673662138
e_coli,6,charge_density,3,0.7817865956692592,0.6205584116228274,0.06427454609480275,0.7488282163247694,0.8108870178025273
e_coli,6,pI,0,0.8756112854486067,0.6983254315393824,0.5223872470716894,0.8525401123790859,0.8943669100943242
e_coli,6,pI,1,0.7773583478693782,0.5439334901676744,0.6468057608847361,0.7434060075030092,0.8069072482169813
e_coli,6,pI,2,0.7309705162596062,0.46310507317825467,0.6973776250947508,0.6944266565390984,0.7688219572322779
e_coli,6,pI,3,0.6875638592783686,0.3747176749329244,0.7322061219416675,0.6416923738250996,0.7310459971907003
e_coli,6,mean_hydrophobicity,0,0.970382650308719,0.9527289683210745,0.1616623467167332,0.9649721213728957,0.9749195396727609
e_coli,6,mean_hydrophobicity,1,0.8694016734842726,0.7878691157499662,0.3411156607304793,0.8452792065596193,0.8891749330555115
e_coli,6,mean_hydrophobicity,2,0.8699812968179288,0.7670931341005931,0.3514341069634287,0.8443938887338496,0.8912722675401203
e_coli,6,mean_hydrophobicity,3,0.781829253529027,0.6193194898700106,0.46495764348687907,0.7513184002778096,0.8112906831401521
e_coli,6,hydrophilic_fraction,0,0.9501846964071349,0.9136274554478554,0.027917694049391192,0.9408851893526313,0.95745543702483
e_coli,6,hydrophilic_fraction,1,0.8402730488709753,0.7132290138570265,0.04881077814197786,0.8107899652236116,0.8629110228900281
e_coli,6,hydrophilic_fraction,2,0.8110481179425629,0.6505604763013584,0.053887759304499315,0.777752062360124,0.8362639156610965
e_coli,6,hydrophilic_fraction,3,0.7684063636579419,0.6021408258613374,0.05915275228080822,0.7297441888212772,0.799366689835326
e_coli,6,helix_propensity,0,0.9436416828142447,0.915796098212118,0.03462365245387948,0.9325675518308707,0.9528193484872703
e_coli,6,helix_propensity,1,0.7873911595336776,0.6635244565135463,0.06828789862126505,0.7552390634642663,0.8150493390824918
e_coli,6,helix_propensity,2,0.7276133660913191,0.5624631089148979,0.07926789645860555,0.6887701052344987,0.7607411642333777
e_coli,6,helix_propensity,3,0.6839386982258187,0.5068866528315086,0.08247087298174312,0.637505273208648,0.7255489599579052
e_coli,6,hydrophobic_moment,0,0.8546063178404187,0.7649397449664791,0.19231759566595164,0.8310101276390243,0.8759270936867533
e_coli,6,hydrophobic_moment,1,0.7355495385270862,0.5666958566938778,0.26066662876378044,0.6954200541020183,0.7729266200219792
e_coli,6,hydrophobic_moment,2,0.7045072057568569,0.5421414995360327,0.27298283375247245,0.6596067101718278,0.7498390808413942
e_coli,6,hydrophobic_moment,3,0.5994516725128258,0.4070262237267135,0.3161257938466858,0.5445515652164329,0.645988062251951
e_coli,7,net_charge,0,0.9604773110973231,0.9349048497468737,0.41010706451556883,0.9517054588626889,0.9666917238920617
e_coli,7,net_charge,1,0.8864066927415658,0.792614833939742,0.6954497028403883,0.865711078200901,0.9043064788597429
e_coli,7,net_charge,2,0.8627592795282616,0.7422186901376349,0.7918348685612859,0.8388007312428334,0.8815429916882339
e_coli,7,net_charge,3,0.785533397792952,0.6526466664414649,0.9008825279226281,0.7486647915550012,0.8161930637548603
e_coli,7,charge_density,0,0.9732586494696319,0.9522705353901569,0.02255429444772019,0.9679064721807722,0.976961854057523
e_coli,7,charge_density,1,0.9003847772651662,0.8191572999783243,0.04370193783998599,0.8804854152653453,0.9148538636298296
e_coli,7,charge_density,2,0.8547330661758767,0.7744764598185833,0.04942405162506942,0.82631448870177,0.8773374281833516
e_coli,7,charge_density,3,0.817070739945063,0.7175790505622022,0.05414349252399223,0.7847021700438509,0.8458744839777275
e_coli,7,pI,0,0.8773089379293895,0.7369023684097856,0.5000133246487057,0.854318670280121,0.8974107644251028
e_coli,7,pI,1,0.8197776835039433,0.6019314256914464,0.6008662756874049,0.7903906298161321,0.845161565735467
e_coli,7,pI,2,0.7893178184307994,0.5783160592972207,0.6148739063757127,0.7539513893530329,0.8195285524382483
e_coli,7,pI,3,0.7412813485638574,0.4809042614497744,0.6540779158191039,0.697085705155956,0.780277182892213
e_coli,7,mean_hydrophobicity,0,0.9647228337654302,0.9501915401588744,0.1646276218663822,0.956958325280468,0.970672601275067
e_coli,7,mean_hydrophobicity,1,0.8836454038655224,0.8120716966930382,0.32174601187598173,0.8615810220294845,0.9015010049357232
e_coli,7,mean_hydrophobicity,2,0.8430084288542169,0.763019844096429,0.3609831679689496,0.8138578259940845,0.8674165060101825
e_coli,7,mean_hydrophobicity,3,0.8483358081089594,0.7606697729372107,0.35949443147640475,0.8232995557611589,0.8697148763463529
e_coli,7,hydrophilic_fraction,0,0.9453608772300519,0.9075940648993018,0.028752543209508118,0.9357143065380371,0.953819808821481
e_coli,7,hydrophilic_fraction,1,0.8816808160102164,0.7843729816049034,0.04182231125408816,0.8623798775973657,0.8986172012503564
e_coli,7,hydrophilic_fraction,2,0.8557602226840035,0.7400350765391086,0.04638258921081508,0.8308905615889243,0.8782419631998534
e_coli,7,hydrophilic_fraction,3,0.8093193451321623,0.6641453035098015,0.05299608151778862,0.7755177518806169,0.838683911536664
e_coli,7,helix_propensity,0,0.9448234520540671,0.912067949549555,0.03434467081629018,0.9342450624399001,0.952897337866585
e_coli,7,helix_propensity,1,0.80089183364969,0.6888491929922353,0.06483255897130283,0.7669059314114933,0.8303125980368431
e_coli,7,helix_propensity,2,0.7195640880712643,0.5604499139399675,0.07686590379415863,0.6758194160309873,0.7584837993573118
e_coli,7,helix_propensity,3,0.6212732203822466,0.43991943042609327,0.0883580890596037,0.5695837372859053,0.669173768552242
e_coli,7,hydrophobic_moment,0,0.7803769454936569,0.6500415396745858,0.23888619737623726,0.7467427383504482,0.8089557682662766
e_coli,7,hydrophobic_moment,1,0.6796336173576143,0.46392928832184044,0.3010797340582457,0.6347151149361757,0.7202374629190578
e_coli,7,hydrophobic_moment,2,0.5960349467128571,0.3588721248088771,0.3179548333872564,0.542448245488167,0.6467363112975469
e_coli,7,hydrophobic_moment,3,0.559410468473613,0.2600332895984989,0.3378517267639624,0.4995533270321134,0.6137404207339396
e_coli,8,net_charge,0,0.9438169664662773,0.9175199361874816,0.45619404580270784,0.9339258666999815,0.952158178244962
e_coli,8,net_charge,1,0.8812129164004174,0.8063007104354651,0.7076697066617246,0.8591254027886418,0.8970732015095787
e_coli,8,net_charge,2,0.8352366790412682,0.7080148973282108,0.8242206699577077,0.8071289785822621,0.8582030374562316
e_coli,8,net_charge,3,0.7561669759689406,0.6079850833326212,0.9678415881510365,0.7173582633003714,0.7924405501671475
e_coli,8,charge_density,0,0.962315959017536,0.9347514727472811,0.025514620172586277,0.9534324093372838,0.968107168482696
e_coli,8,charge_density,1,0.8517325337489426,0.7620094341222726,0.05124251361956448,0.8255896573746196,0.8751260574729984
e_coli,8,charge_density,2,0.8404790196713205,0.741171203303237,0.051681697274445,0.8089282839305026,0.8673981098042381
e_coli,8,charge_density,3,0.7821324693035222,0.6644809051921112,0.05957797566316595,0.7435745673679054,0.8127245608407855
e_coli,8,pI,0,0.8695854760533692,0.722933850893609,0.5230081634577011,0.8462270198070846,0.8893249766102866
e_coli,8,pI,1,0.8457934620449004,0.624046479980199,0.5793804889162553,0.8201288638203136,0.8678921711461732
e_coli,8,pI,2,0.7588782363886872,0.5264886203407309,0.6594470916703623,0.7202507350218549,0.7904664658663713
e_coli,8,pI,3,0.7729787275895126,0.44652874084193184,0.6726412351127966,0.7372939384529,0.7999563172329767
e_coli,8,mean_hydrophobicity,0,0.9750819238643172,0.9571294395331899,0.1523050454517141,0.9695979218718156,0.9784944656925795
e_coli,8,mean_hydrophobicity,1,0.8824584926423302,0.8272649990170095,0.30407750837068187,0.8609143519099237,0.9005464471420362
e_coli,8,mean_hydrophobicity,2,0.8425813399246511,0.755237013084227,0.3683544867696367,0.8142545303157099,0.8647148170553685
e_coli,8,mean_hydrophobicity,3,0.7890348988378759,0.6890877804198321,0.4135427765448218,0.7530812797996613,0.8191433488111567
e_coli,8,hydrophilic_fraction,0,0.9592813188615189,0.9288272101797213,0.024977028713607644,0.9522281081762196,0.9651792325727296
e_coli,8,hydrophilic_fraction,1,0.8718550303404825,0.7703884457413657,0.04422391107098622,0.8491922611845385,0.8916152390826702
e_coli,8,hydrophilic_fraction,2,0.8333298893486005,0.6882907715109198,0.053506907719377564,0.8071254090128538,0.8558445623983967
e_coli,8,hydrophilic_fraction,3,0.754173245822197,0.5687023658701407,0.062194610140554024,0.7163100343869566,0.7866949308600188
e_coli,8,helix_propensity,0,0.9470256769406205,0.9077441503286613,0.03500678148825702,0.9372724957940306,0.9552648909498136
e_coli,8,helix_propensity,1,0.7613549715957821,0.6135515294256302,0.07293754891818328,0.7202118722976701,0.7975073899186238
e_coli,8,helix_propensity,2,0.6961666352329955,0.5673156960722794,0.07762222560411461,0.6496845907406997,0.7373051151376658
e_coli,8,helix_propensity,3,0.6522098872104053,0.48192294188500684,0.08560174208669213,0.607560897551102,0.6978695546630314
e_coli,8,hydrophobic_moment,0,0.7478752397769286,0.5782095832621788,0.2578160850555911,0.707184235199014,0.7824539113505697
e_coli,8,hydrophobic_moment,1,0.7167080558145351,0.5217078826106312,0.2798022965492575,0.6711578960039769,0.7566185975418452
e_coli,8,hydrophobic_moment,2,0.6825652980339714,0.46973827705861226,0.2907746843373065,0.6337226093426805,0.7221741612375722
e_coli,8,hydrophobic_moment,3,0.587712459136772,0.2805981821110156,0.3419729840491852,0.5298629880219785,0.639420189370017
e_coli,9,net_charge,0,0.9383277180428635,0.9017797996051433,0.4740684812410961,0.926103668330179,0.947267854131183
e_coli,9,net_charge,1,0.8793615118000263,0.8224652916801432,0.6677635583631086,0.8581912752804127,0.8949975396603229
e_coli,9,net_charge,2,0.8723344043357851,0.7924565350803583,0.6989023185701922,0.8496634323567791,0.8913996987815597
e_coli,9,net_charge,3,0.7676147509160944,0.6384414297499172,0.9362230782974914,0.7322014123000253,0.7981958205166896
e_coli,9,charge_density,0,0.9619570757971367,0.9385062604404335,0.025700946406001506,0.9534933744711758,0.9681903377735811
e_coli,9,charge_density,1,0.863886133531395,0.7871553573529138,0.04923648586668985,0.8382149851818065,0.883608801069342
e_coli,9,charge_density,2,0.8746256301630413,0.7960459363074167,0.045816644151925955,0.847718494390845,0.8936750568051988
e_coli,9,charge_density,3,0.8163761242756108,0.6701030063785771,0.05824442067189448,0.7867006858311845,0.8395121388432081
e_coli,9,pI,0,0.8617989958885321,0.6454536269806401,0.5338222772967517,0.838441870740584,0.8804329231020357
e_coli,9,pI,1,0.7802899901848728,0.5408887774932887,0.6259761143980065,0.7464995283824828,0.8095803724960654
e_coli,9,pI,2,0.7225831851954329,0.5099433934425238,0.6713332777287067,0.6800564799294628,0.7588518615242522
e_coli,9,pI,3,0.724535510669518,0.43777088477955406,0.695965118352676,0.6861226371661203,0.759393173285611
e_coli,9,mean_hydrophobicity,0,0.9658937199014038,0.9454527049500747,0.173508428922848,0.959383001071231,0.971062877286482
e_coli,9,mean_hydrophobicity,1,0.8573200530518695,0.7885880916710438,0.34145262059898057,0.8331634925060367,0.8771959398394965
e_coli,9,mean_hydrophobicity,2,0.8617205864134075,0.7822333835507989,0.35040400559714135,0.8381308862704182,0.8804858152866307
e_coli,9,mean_hydrophobicity,3,0.8231351926604682,0.6960851312663779,0.40754750015706204,0.7944083842190798,0.8466277709753279
e_coli,9,hydrophilic_fraction,0,0.9416589190931046,0.8983783134223672,0.029725228863227326,0.9312769898039626,0.9497948937852608
e_coli,9,hydrophilic_fraction,1,0.8333858222484776,0.6971881939564455,0.052395255226165185,0.8097336113015376,0.8528868446812925
e_coli,9,hydrophilic_fraction,2,0.8470075292425674,0.7326311886263072,0.04856106324376222,0.8216360796667398,0.8675606568677667
e_coli,9,hydrophilic_fraction,3,0.7182739887730036,0.5453235322349573,0.06410027028570589,0.676296874914467,0.7562101925042309
e_coli,9,helix_propensity,0,0.947962532382347,0.9163621800013517,0.0341594353151212,0.938496786598593,0.9562594721265447
e_coli,9,helix_propensity,1,0.79549178984972,0.6667497851433998,0.06875196421636415,0.76010006437225,0.8228942401972417
e_coli,9,helix_propensity,2,0.7589178293926877,0.6077160891866031,0.07465407650480686,0.7217166013826204,0.7903349531251131
e_coli,9,helix_propensity,3,0.7591094656464965,0.6052197775862089,0.0737169317740817,0.7234377663552735,0.7904800182646166
e_coli,9,hydrophobic_moment,0,0.8474366173872406,0.7637750897351908,0.19660586048474188,0.8203004088945938,0.868700661262561
e_coli,9,hydrophobic_moment,1,0.7891631977915471,0.6058875274853858,0.25159448031741216,0.7526717861717778,0.8189991627205463
e_coli,9,hydrophobic_moment,2,0.7523163486057732,0.5744569716117298,0.26141385143436785,0.7135462830613383,0.7850812683243776
e_coli,9,hydrophobic_moment,3,0.667300458714791,0.4708410428127786,0.2882255318722084,0.6182695527180355,0.7109579178621374
s_aureus,0,net_charge,0,0.9203980703025607,0.8845156599889288,0.5061404478924771,0.9019709992799056,0.9348044716823992
s_aureus,0,net_charge,1,0.8374193124137368,0.761994519481774,0.7079967197090279,0.8039678950300182,0.8649201404606921
s_aureus,0,net_charge,2,0.732666350400127,0.6642420314505801,0.8907193203064457,0.6885754508498726,0.7731133987586958
s_aureus,0,net_charge,3,0.721125679618903,0.5425948472736495,1.0103391760364542,0.676117729847728,0.7646223286524654
s_aureus,0,charge_density,0,0.9490359934828617,0.8949165313860072,0.03086860687260203,0.9387190150223175,0.9566105899740798
s_aureus,0,charge_density,1,0.8555470307721128,0.7411907010598404,0.05029352580940002,0.828415533696417,0.8790976828089382
s_aureus,0,charge_density,2,0.7889761747293386,0.6299198651246228,0.061464179868413765,0.7552228662349041,0.8192756735291685
s_aureus,0,charge_density,3,0.7659620323836105,0.5560809394053177,0.06450478336773129,0.7302600680558399,0.7997775144146254
s_aureus,0,pI,0,0.8595664251919048,0.6805838516018099,0.50591483424029,0.8290628921278006,0.8829509350361001
s_aureus,0,pI,1,0.7439783702544276,0.4561122618321892,0.6667437868794116,0.7037119618503217,0.7784214803744967
s_aureus,0,pI,2,0.6500075238446774,0.3238276056302207,0.7572476253359335,0.5956174576364627,0.7018261447909011
s_aureus,0,pI,3,0.7112136232685631,0.4083536594969619,0.69485620979249,0.6637279106298127,0.7530094029513893
s_aureus,0,mean_hydrophobicity,0,0.9526811789643974,0.9315008237259481,0.182379716002258,0.9409509894970911,0.9609247825198869
s_aureus,0,mean_hydrophobicity,1,0.8515373700570503,0.7482876792565192,0.34396156037572223,0.8203626027166356,0.8756195448785076
s_aureus,0,mean_hydrophobicity,2,0.8536419321419543,0.752201019376342,0.3423393079110034,0.8234187953660042,0.8770097118029594
s_aureus,0,mean_hydrophobicity,3,0.6673141268951877,0.4971475253091475,0.492858400304778,0.6101288968370209,0.7141451082899184
s_aureus,0,hydrophilic_fraction,0,0.9359992160097295,0.891478547687308,0.030332206131996355,0.9209167362762809,0.9471884395672441
s_aureus,0,hydrophilic_fraction,1,0.831179485239456,0.7239848344471242,0.04788889917511562,0.7990127513130684,0.8586862398058542
s_aureus,0,hydrophilic_fraction,2,0.7572722065068939,0.615254452146474,0.05638326149179843,0.7170179581092047,0.7901426453630587
s_aureus,0,hydrophilic_fraction,3,0.5938259079970074,0.3836507267861621,0.07170105270285133,0.5325358132032091,0.6482236520610595
s_aureus,0,helix_propensity,0,0.9385434932262734,0.8871015001923519,0.039653789372729766,0.9270280846709342,0.9475018142590993
s_aureus,0,helix_propensity,1,0.7441534641032104,0.5701858355879339,0.07385325928632556,0.7015065995758208,0.7805403039385566
s_aureus,0,helix_propensity,2,0.6660214079720437,0.45372614237376996,0.08518350717443765,0.6148201970576432,0.714160250820873
s_aureus,0,helix_propensity,3,0.6474609167087121,0.41198308304457076,0.08972699936753661,0.6011761638500457,0.687889464855901
s_aureus,0,hydrophobic_moment,0,0.8960338937475318,0.8026394338889855,0.18708503323605558,0.8756014647857849,0.9131125021791126
s_aureus,0,hydrophobic_moment,1,0.8551447335545244,0.7153795109069596,0.22750533375143228,0.8286261432045894,0.8743874982036661
s_aureus,0,hydrophobic_moment,2,0.6821553016245354,0.4814296759573192,0.3115026311989297,0.6290102033030718,0.7265340378041497
s_aureus,0,hydrophobic_moment,3,0.7183402749238945,0.5310977311642096,0.3040845578944223,0.6722527791466909,0.7560469639261356
s_aureus,1,net_charge,0,0.9369915144637195,0.9007457764844704,0.484167808505646,0.9241176610943491,0.946332970518127
s_aureus,1,net_charge,1,0.8200667188094753,0.7653765368145382,0.7280059881063119,0.7871456766660004,0.8496447102150111
s_aureus,1,net_charge,2,0.8176401325775867,0.7395855462037557,0.7475289142499746,0.7848399306027298,0.8453181716038292
s_aureus,1,net_charge,3,0.7335888715047512,0.5609271252370958,1.028464013403511,0.6919015640779358,0.7692727781067913
s_aureus,1,charge_density,0,0.9617876265558835,0.9166222292473825,0.02803016166173456,0.9544494399023762,0.9673430490288352
s_aureus,1,charge_density,1,0.8685641822575617,0.7677421512854119,0.04633624153761198,0.8428991616112478,0.8927476837617547
s_aureus,1,charge_density,2,0.865842184982905,0.7607299419381124,0.04765521822453985,0.8384730620013131,0.8878021237020438
s_aureus,1,charge_density,3,0.7612650515072478,0.5722225207831606,0.06483484737461583,0.7236244423625845,0.7928498287759629
s_aureus,1,pI,0,0.904058656056087,0.7580951131622765,0.4387102808914785,0.8832383271405695,0.9202191961805739
s_aureus,1,pI,1,0.7748296463206943,0.5415619703692263,0.6133958106153591,0.7361182235432497,0.8096006560853887
s_aureus,1,pI,2,0.7319374494956193,0.45933262913814543,0.6666836468253547,0.6857343859833407,0.7692663936651859
s_aureus,1,pI,3,0.6846792575661039,0.4029537877989119,0.6846000241857811,0.6360095259560583,0.7239623480533219
s_aureus,1,mean_hydrophobicity,0,0.9588394325849205,0.933006112167586,0.1842243751492866,0.9501918222655259,0.9656290542938849
s_aureus,1,mean_hydrophobicity,1,0.831503479040833,0.7683559954228764,0.34008740482950117,0.7954471234173038,0.8614479314383622
s_aureus,1,mean_hydrophobicity,2,0.8609149280873706,0.7324260624942789,0.3595546262953264,0.8361393439243705,0.8826921105879706
s_aureus,1,mean_hydrophobicity,3,0.7801013234269542,0.6008442727344332,0.4248846852264134,0.7414202135741034,0.8139559356686042
s_aureus,1,hydrophilic_fraction,0,0.9535469433272766,0.9121940833498217,0.02693382054194698,0.9450908542712958,0.9604002050768041
s_aureus,1,hydrophilic_fraction,1,0.817047911101493,0.7287475278790092,0.04635162663243769,0.7757390582925006,0.8495627889590381
s_aureus,1,hydrophilic_fraction,2,0.8494560278569627,0.7284493567671212,0.04645296468654058,0.8232938649715004,0.8720282201538685
s_aureus,1,hydrophilic_fraction,3,0.7380923418662746,0.5625531982022938,0.05880649358917484,0.6960459115062552,0.773214437325746
s_aureus,1,helix_propensity,0,0.9435746589316115,0.8993877819755863,0.03748103892698133,0.9331919595650925,0.9516544311631892
s_aureus,1,helix_propensity,1,0.7511234860866689,0.5935978027248785,0.07463434174189122,0.7106907041794379,0.7872963165736618
s_aureus,1,helix_propensity,2,0.7937653126911336,0.6256435776893412,0.06868640547322065,0.7597890886955606,0.8236182956362311
s_aureus,1,helix_propensity,3,0.6387999680262364,0.47176616761305645,0.08380436332771972,0.586446347964109,0.6871882111314389
s_aureus,1,hydrophobic_moment,0,0.8750293544481896,0.7666048609605207,0.2028774164541011,0.8536069337652461,0.8914248359862275
s_aureus,1,hydrophobic_moment,1,0.7525759828094224,0.6118033526470217,0.2722609323581936,0.7135050968007743,0.789332352875579
s_aureus,1,hydrophobic_moment,2,0.7842851489603151,0.6165627999456673,0.27417490253325366,0.7484413715550455,0.8142197262000768
s_aureus,1,hydrophobic_moment,3,0.6829789778038027,0.4618420805174208,0.3196546313459607,0.6334472452860518,0.7277762473027394
s_aureus,2,net_charge,0,0.9358223999340114,0.8945616051209453,0.5004004009863904,0.9223399557661687,0.9460839950823237
s_aureus,2,net_charge,1,0.8664360845559661,0.759310880607513,0.6998415057563143,0.8398075765419445,0.8893520086253768
s_aureus,2,net_charge,2,0.8250004398102591,0.709355572527717,0.7878875136390702,0.7932044011430052,0.8534649196774804
s_aureus,2,net_charge,3,0.7353174173146256,0.5371519323447276,0.9942948557382727,0.6911956515063051,0.7753823962123967
s_aureus,2,charge_density,0,0.9660542238802398,0.9311391033759352,0.025749371603538608,0.9586197290594989,0.9712564807185805
s_aureus,2,charge_density,1,0.9057539378435076,0.8023430923579238,0.04255466124236123,0.8881695805622349,0.9207505914618687
s_aureus,2,charge_density,2,0.840596375613466,0.7206828532660597,0.05304521003374509,0.8110696881652587,0.8667434964694848
s_aureus,2,charge_density,3,0.7912888096360975,0.6038396963669171,0.059754076143297,0.7534976502544115,0.8241037471475411
s_aureus,2,pI,0,0.8958819820924361,0.7417241232565509,0.4422321646983229,0.8745571238366304,0.9137317680339336
s_aureus,2,pI,1,0.7799601685184876,0.5643621053764709,0.5956805247209203,0.7411652543409623,0.8125679555067045
s_aureus,2,pI,2,0.7443231402143347,0.5259646143487802,0.6218474972341943,0.7049891659327167,0.7783139239374576
s_aureus,2,pI,3,0.6801194614577336,0.4112344631597419,0.6901402272201898,0.63438102368586,0.725615220110142
s_aureus,2,mean_hydrophobicity,0,0.9642932597895891,0.9443661759752533,0.16572551854137954,0.9561939554104995,0.9699352113752737
s_aureus,2,mean_hydrophobicity,1,0.8620592431522527,0.8048701531189031,0.3065592568074332,0.8328242478794595,0.8859671062869757
s_aureus,2,mean_hydrophobicity,2,0.8531732674828583,0.7788408152796991,0.317643891326898,0.8219706830786361,0.8781823348426426
s_aureus,2,mean_hydrophobicity,3,0.7295604797235622,0.5792639610828105,0.45131074641992097,0.6847302589635006,0.7678253003942986
s_aureus,2,hydrophilic_fraction,0,0.9438240440123907,0.896926180891769,0.029246656930285223,0.9320991841808455,0.9522092915830019
s_aureus,2,hydrophilic_fraction,1,0.8365894984928983,0.7318230408219368,0.04643369255825148,0.8048395534406151,0.8617715309064109
s_aureus,2,hydrophilic_fraction,2,0.8489208301346796,0.733819015184082,0.04577196399541459,0.8208907501425914,0.8740858688533122
s_aureus,2,hydrophilic_fraction,3,0.7303817334616347,0.5408104477708606,0.058025143050475333,0.6862385082115593,0.7716908402160375
s_aureus,2,helix_propensity,0,0.9478931453223274,0.9103136297985677,0.03521740837035862,0.9384836556967301,0.9547651835872254
s_aureus,2,helix_propensity,1,0.7631303707087019,0.6123370493652904,0.07069574073420415,0.722087901129082,0.797288595421614
s_aureus,2,helix_propensity,2,0.7984231065498756,0.6650345163838403,0.0661172207647673,0.7637970229151526,0.8274127992065917
s_aureus,2,helix_propensity,3,0.6174324285080052,0.3696162875847475,0.09297326725355218,0.5640812871785286,0.6601281920269292
s_aureus,2,hydrophobic_moment,0,0.8728637539422673,0.7636294418015414,0.2095293352862709,0.850871108344531,0.8912438798244657
s_aureus,2,hydrophobic_moment,1,0.8062356621908335,0.6633786201586418,0.24710926394172616,0.7745463343060236,0.8344830726646753
s_aureus,2,hydrophobic_moment,2,0.763705617196204,0.5904688178831368,0.2802226325917767,0.7242434403030336,0.7969124782209261
s_aureus,2,hydrophobic_moment,3,0.6479496116390259,0.45205621350634284,0.32489885242107397,0.5954524004714529,0.6941769627021037
s_aureus,3,net_charge,0,0.9455681163298723,0.9119221560424395,0.45124478582405175,0.9348254382801715,0.954093010547038
s_aureus,3,net_charge,1,0.7993957599740913,0.6975008422064968,0.8009360682099909,0.7633884516786699,0.832010658344253
s_aureus,3,net_charge,2,0.7899133798433208,0.6395054589831425,0.9253767270901979,0.7513086835201361,0.8198557163389312
s_aureus,3,net_charge,3,0.738039418530273,0.5516135233791643,1.0101182737144978,0.6996354503987877,0.7763840387352763
s_aureus,3,charge_density,0,0.9678093404258648,0.9199471658555767,0.027742808232008,0.9607753643043003,0.9726301364803038
s_aureus,3,charge_density,1,0.8336852336493223,0.7202398305924157,0.052322017676870905,0.8015084895673453,0.8601438434325681
s_aureus,3,charge_density,2,0.8563202447614888,0.7283621552440906,0.052266400563519146,0.8303695238761649,0.8792271602658159
s_aureus,3,charge_density,3,0.7702230756158445,0.591839465759369,0.06263008576509255,0.7308378801815165,0.8049290561702299
s_aureus,3,pI,0,0.9064240392347177,0.7889072656605953,0.435030068675364,0.8848330405986052,0.9224183900092314
s_aureus,3,pI,1,0.7624585777032398,0.4903955244413126,0.6667438552135556,0.727150473467016,0.7921068229402438
s_aureus,3,pI,2,0.768783816704379,0.45990995000994883,0.6914631894629769,0.7320341238468704,0.7984512164732307
s_aureus,3,pI,3,0.6708658706305327,0.35017245288932974,0.7396635129132608,0.6231471660791594,0.7136156376124884
s_aureus,3,mean_hydrophobicity,0,0.9483604891724915,0.918440755327063,0.19808264048365784,0.936588684158131,0.95734625815077
s_aureus,3,mean_hydrophobicity,1,0.8702141253866899,0.7719083652722544,0.3226018166792696,0.8440199611136693,0.8922480514937795
s_aureus,3,mean_hydrophobicity,2,0.8233792709083334,0.6630326886397884,0.4007881456387937,0.7917159611940696,0.849713507905218
s_aureus,3,mean_hydrophobicity,3,0.7521557637011375,0.5951049328928728,0.4470240869430766,0.7116729158350971,0.7898205191502258
s_aureus,3,hydrophilic_fraction,0,0.9468742770878639,0.9060983905108353,0.027094818737365328,0.9353730910701752,0.9557772941120833
s_aureus,3,hydrophilic_fraction,1,0.8080701006240393,0.6854238534596584,0.05164946285225199,0.7734187495268015,0.8371052575245395
s_aureus,3,hydrophilic_fraction,2,0.8126208757887319,0.6785494828150729,0.05203938480028403,0.7826414247024464,0.8391468505713721
s_aureus,3,hydrophilic_fraction,3,0.6974005021105496,0.5214023248916626,0.06298536908079864,0.6471785100086175,0.7397766909170124
s_aureus,3,helix_propensity,0,0.9367946519435482,0.8838286503435283,0.03926849084254233,0.9234475059593649,0.9469715467740512
s_aureus,3,helix_propensity,1,0.7522007925725903,0.6095541677947787,0.07494042513499848,0.7151713929257658,0.7844200228896706
s_aureus,3,helix_propensity,2,0.6966162135359538,0.48127568693620626,0.08403238565244657,0.6501495650014886,0.7381720707582065
s_aureus,3,helix_propensity,3,0.7219428093947183,0.5027294026981942,0.07976490315524162,0.680812865164602,0.7602120760011233
s_aureus,3,hydrophobic_moment,0,0.8748652987744756,0.7767552868603405,0.20028948128070198,0.8519708138875395,0.8953731270856856
s_aureus,3,hydrophobic_moment,1,0.7855296381360912,0.609743248557751,0.2647845930050121,0.7502961001762535,0.8183060863426789
s_aureus,3,hydrophobic_moment,2,0.7113330753731086,0.5558206137186995,0.29270631476643333,0.6687906115443183,0.7503620416607367
s_aureus,3,hydrophobic_moment,3,0.6755620491493328,0.47830652280181074,0.30990840957646,0.6292575597639876,0.7216314816862124
s_aureus,4,net_charge,0,0.9360498352354463,0.8803908670258385,0.5099035715337492,0.9227600494473438,0.9462472848701096
s_aureus,4,net_charge,1,0.8307848799883556,0.7554931324730279,0.7657543750557296,0.7988834212244693,0.8563059407428323
s_aureus,4,net_charge,2,0.776547434659747,0.6400574152015743,0.8754509198468398,0.7380799895844062,0.8074243611863782
s_aureus,4,net_charge,3,0.6457679388999977,0.5191780541118871,1.0162762132756487,0.5872063926605999,0.6976278581179108
s_aureus,4,charge_density,0,0.9594596651670655,0.9223918472483265,0.02736141736312157,0.9496529676010201,0.9660285576485363
s_aureus,4,charge_density,1,0.8891389064122207,0.7888166895083917,0.04647123600735777,0.867995643218221,0.905617721075322
s_aureus,4,charge_density,2,0.8053461230576096,0.6083181094953822,0.06121465837059744,0.7739196085581683,0.8337999398363153
s_aureus,4,charge_density,3,0.7401578141234988,0.5396405337894008,0.06784593747804236,0.6976597149089919,0.7731018259606393
s_aureus,4,pI,0,0.9131214468206722,0.7407003446952316,0.45656742080928764,0.8960276276534297,0.9255844880342915
s_aureus,4,pI,1,0.8261272759085942,0.56350168683277,0.5950882477647674,0.7946170860280981,0.8535950767594758
s_aureus,4,pI,2,0.7300930914020354,0.4309573348718677,0.6950616274856205,0.6915953293234106,0.7638778001306162
s_aureus,4,pI,3,0.73168431016447,0.41194762453797384,0.6769912115983134,0.6908461702932434,0.7673720682800891
s_aureus,4,mean_hydrophobicity,0,0.9693280304893271,0.9502622868379919,0.15787536629845939,0.9620903706586519,0.9743397145423977
s_aureus,4,mean_hydrophobicity,1,0.8317095508914376,0.7222483812000218,0.36214672755948,0.8007667548858928,0.8565271036790563
s_aureus,4,mean_hydrophobicity,2,0.7896636993655889,0.682273218711279,0.38828977644360035,0.7500766225340958,0.8237601675040541
s_aureus,4,mean_hydrophobicity,3,0.7264626063269368,0.5654198035146332,0.4607240257961587,0.6817310157513293,0.7673519670331989
s_aureus,4,hydrophilic_fraction,0,0.9393777337027966,0.8972536124429555,0.02903128873768663,0.9263774055126283,0.9479840984482257
s_aureus,4,hydrophilic_fraction,1,0.7771630887314191,0.6187998356158633,0.05432574693837954,0.7387666086255502,0.8072393079812473
s_aureus,4,hydrophilic_fraction,2,0.7624351386877943,0.6043736852832129,0.057849799324969274,0.7232690019971244,0.7957295867643007
s_aureus,4,hydrophilic_fraction,3,0.6285916710804322,0.4526331925304752,0.0662682289744767,0.5768444918035887,0.6776421061038294
s_aureus,4,helix_propensity,0,0.9579516787775127,0.9279186200979221,0.030835177301700576,0.9480942308895582,0.9646034803003838
s_aureus,4,helix_propensity,1,0.809810830650208,0.699959417348594,0.06334992057513218,0.773823066422801,0.8391782706686783
s_aureus,4,helix_propensity,2,0.6812259132315739,0.5502967685771852,0.07820197806988625,0.6302121573415677,0.7245356310620605
s_aureus,4,helix_propensity,3,0.5482796300358479,0.35685420212260477,0.09473197385111913,0.48446528549042633,0.6083821174146862
s_aureus,4,hydrophobic_moment,0,0.8181028089642461,0.7036862026281276,0.2337944357151211,0.7836458007649529,0.8464182537854288
s_aureus,4,hydrophobic_moment,1,0.6566663552006872,0.4779909216921029,0.31514748540817794,0.6016335039702548,0.7108115672589354
s_aureus,4,hydrophobic_moment,2,0.6278700501440712,0.424815665339758,0.3352500054283422,0.5767648119049429,0.6771317577684083
s_aureus,4,hydrophobic_moment,3,0.4842377963674482,0.25025951923404766,0.3731598584115152,0.4159861547854395,0.5474991972083021
s_aureus,5,net_charge,0,0.9324508750134001,0.9196633342357132,0.4305338967009561,0.9155913456044695,0.9450045342310047
s_aureus,5,net_charge,1,0.8644769143322746,0.7768163928344346,0.701565767095297,0.8394972247127579,0.8852378898714902
s_aureus,5,net_charge,2,0.8264710427068659,0.6921428616621921,0.8065961332765108,0.7952860015346541,0.8534895597607995
s_aureus,5,net_charge,3,0.7410888431002801,0.583112936044413,0.9274554177532841,0.697350878757412,0.779706893107131
s_aureus,5,charge_density,0,0.9600577963621568,0.9187804982164848,0.027453312616933463,0.9511611211942129,0.9668876645011635
s_aureus,5,charge_density,1,0.8959419193423891,0.7901009931462393,0.04493628001362658,0.8778949889401393,0.9125586768513639
s_aureus,5,charge_density,2,0.8648913806555433,0.7119123453669752,0.05207630770937279,0.8419306720494203,0.8853465228813762
s_aureus,5,charge_density,3,0.7977191828243411,0.6201714799193724,0.061511625650481544,0.7648179226917544,0.8282320388659263
s_aureus,5,pI,0,0.8899143635250204,0.6984880400415454,0.4896914118669163,0.8654757394258199,0.9068908980704793
s_aureus,5,pI,1,0.7601707689445307,0.4247920331765712,0.6863345487098992,0.718445209587938,0.7936499954388414
s_aureus,5,pI,2,0.7395043068484388,0.4274090936100451,0.7115377358564239,0.6912582896588698,0.775546881980679
s_aureus,5,pI,3,0.6620530116545483,0.4085575924330114,0.7150483344671295,0.6115375816774052,0.705945769856004
s_aureus,5,mean_hydrophobicity,0,0.9555549369210431,0.9244703286732086,0.1874248775252016,0.9459856990001437,0.9635575367447559
s_aureus,5,mean_hydrophobicity,1,0.834432539427252,0.7152365543559311,0.3727278419668666,0.8043920634764754,0.858934509207583
s_aureus,5,mean_hydrophobicity,2,0.8249587411091864,0.6841825204577022,0.3892009143879054,0.7948424156399256,0.8518845736061269
s_aureus,5,mean_hydrophobicity,3,0.751241352084775,0.5952643278224343,0.4426790276092738,0.7105500675836994,0.7878499756157978
s_aureus,5,hydrophilic_fraction,0,0.9455720658054736,0.8991961779414036,0.028585574865394973,0.9343639556641444,0.9550662627361238
s_aureus,5,hydrophilic_fraction,1,0.7992074711495584,0.6543736744156907,0.052949516782753316,0.7630153342048464,0.8288173373044736
s_aureus,5,hydrophilic_fraction,2,0.7972013941981454,0.6575580283784093,0.052137866645259066,0.7598917488810568,0.8295557565723534
s_aureus,5,hydrophilic_fraction,3,0.7259606541697929,0.554406565980618,0.06093841402013691,0.6826540889845981,0.766665857676096
s_aureus,5,helix_propensity,0,0.9436681542803637,0.9011123581963348,0.036676794260644394,0.9332930327227312,0.9515817940904675
s_aureus,5,helix_propensity,1,0.728216914644888,0.5616583761036316,0.07454948374778003,0.6845998580058822,0.7714326034508701
s_aureus,5,helix_propensity,2,0.7677189339343286,0.6114563440736237,0.07036375369099507,0.728697949187591,0.8008561705138645
s_aureus,5,helix_propensity,3,0.6645436476876254,0.46409021998427114,0.08484131320012964,0.6170402927523003,0.7095303084509863
s_aureus,5,hydrophobic_moment,0,0.8328860037440372,0.6959616148718034,0.23992439165826254,0.8042454345802068,0.858763008830473
s_aureus,5,hydrophobic_moment,1,0.7771061139209783,0.6052469549017032,0.27597991178018677,0.7438070152555648,0.807651313030438
s_aureus,5,hydrophobic_moment,2,0.7336874828461832,0.5603276710995495,0.2891624257182797,0.690329965556943,0.7724247765634563
s_aureus,5,hydrophobic_moment,3,0.694761343342035,0.4849707476249302,0.3196708076149706,0.6462752581771617,0.7396543873361147
s_aureus,6,net_charge,0,0.9262946921985731,0.893556927075964,0.4829165914393837,0.9110634844034176,0.9382979230671813
s_aureus,6,net_charge,1,0.8169524333214592,0.6999814128587962,0.7952812892576356,0.7830344478637311,0.8454020493714755
s_aureus,6,net_charge,2,0.8066402273893507,0.6731883327763272,0.8623736157576394,0.7693110730328795,0.8379057058123391
s_aureus,6,net_charge,3,0.6985618653378929,0.5127261621802739,1.031125454974554,0.65189559868202,0.743782166452416
s_aureus,6,charge_density,0,0.9685332003308127,0.9420241982969321,0.02282871498702417,0.9616273935911235,0.9737573949655227
s_aureus,6,charge_density,1,0.8703594195023991,0.7625326873423398,0.046457340924462256,0.8423994672254536,0.893570600334284
s_aureus,6,charge_density,2,0.8477739499545637,0.7265184496246033,0.0522336690646832,0.8180557272058506,0.8720518185356356
s_aureus,6,charge_density,3,0.7822717996630629,0.6113074053343657,0.06105297896921663,0.7471594608484657,0.8138675763184507
s_aureus,6,pI,0,0.9087193932257597,0.757505545738317,0.44925074795099684,0.8891986546841375,0.9233760164546396
s_aureus,6,pI,1,0.8022652428676044,0.4674844593531201,0.6630666052450341,0.7714509498229951,0.8289539746911548
s_aureus,6,pI,2,0.7121497036548511,0.42678821152162405,0.6925274871465726,0.6640736043071727,0.7535090919527463
s_aureus,6,pI,3,0.6736290761839102,0.36971850004709095,0.7401751719497318,0.6300636439228255,0.7135197233968092
s_aureus,6,mean_hydrophobicity,0,0.9574655421367803,0.9364685504001884,0.17654432324731656,0.9472712340518135,0.9657082728285104
s_aureus,6,mean_hydrophobicity,1,0.8312422922263187,0.6967955719906456,0.3832289276587661,0.8011741112820737,0.8562166029320362
s_aureus,6,mean_hydrophobicity,2,0.8476868212179166,0.7449465201068963,0.33791525846590176,0.8187271656162898,0.8750916937115782
s_aureus,6,mean_hydrophobicity,3,0.7418479063225114,0.5619012167400206,0.44825080015759544,0.7004315468803349,0.7796934073549311
s_aureus,6,hydrophilic_fraction,0,0.9602665073692026,0.932084063243262,0.02399785377606648,0.9523011677437219,0.9669215658416379
s_aureus,6,hydrophilic_fraction,1,0.78369876648969,0.6319957424498905,0.0544927468194031,0.748362052211066,0.8143600413150461
s_aureus,6,hydrophilic_fraction,2,0.8053472845568135,0.6677146274564592,0.0515420331499075,0.7739169110837948,0.834365682963996
s_aureus,6,hydrophilic_fraction,3,0.7097232749033722,0.513999374396638,0.06465806408703757,0.6670765743549295,0.7462669051758839
s_aureus,6,helix_propensity,0,0.9571857108651691,0.9249774816645401,0.03169827116330363,0.947834823745753,0.9643395304021245
s_aureus,6,helix_propensity,1,0.792773694645455,0.6483203432917514,0.06879362703362517,0.761757381594276,0.8216953797285133
s_aureus,6,helix_propensity,2,0.711079765812207,0.5552095455251805,0.07799543151409234,0.6621869471197951,0.7520379252563953
s_aureus,6,helix_propensity,3,0.708781440080121,0.5247869122731276,0.07989698785783486,0.6647524823310078,0.7474963839098785
s_aureus,6,hydrophobic_moment,0,0.893694583098881,0.7860486611548241,0.19619813583705017,0.8752598216900077,0.9091156985857953
s_aureus,6,hydrophobic_moment,1,0.7408827805105105,0.5848040200771878,0.27979137356862377,0.697145210099302,0.7791397448463884
s_aureus,6,hydrophobic_moment,2,0.6303379620693028,0.4966910627864898,0.3133238439022041,0.5765578462264387,0.6819615576076912
s_aureus,6,hydrophobic_moment,3,0.6338820192251655,0.47745066588864504,0.31560622559542584,0.5797356180018163,0.6809795849346192
s_aureus,7,net_charge,0,0.9392435905901045,0.9199473344453862,0.4323314088706269,0.9270721551737394,0.949831530503142
s_aureus,7,net_charge,1,0.8373687321533805,0.7468519114241237,0.7752001756252589,0.8114350611727698,0.861532058051227
s_aureus,7,net_charge,2,0.8537922153840517,0.770383116263543,0.7127959431404918,0.8303143192348466,0.8759514948936091
s_aureus,7,net_charge,3,0.7567654409009067,0.6205768412240292,0.9293467116788349,0.7176064752363295,0.7913589080364672
s_aureus,7,charge_density,0,0.9705304003010073,0.9435254231841379,0.02359194627633851,0.9646454649678036,0.9750364347938995
s_aureus,7,charge_density,1,0.8620382880588104,0.7207044222576041,0.05183377112859328,0.835997164917184,0.8838968122170822
s_aureus,7,charge_density,2,0.8873307799240617,0.7107979768187422,0.052395986314569265,0.8665102673416484,0.9035339368399214
s_aureus,7,charge_density,3,0.8157657873588895,0.6266005779788716,0.05918417209020242,0.7834725382997136,0.8424167998344233
s_aureus,7,pI,0,0.9041666000361481,0.7527570204546168,0.4585248612231156,0.8846958656310814,0.9191440135420443
s_aureus,7,pI,1,0.8026064052633021,0.48919577971983075,0.6648255568977414,0.7703524312529583,0.8292910481505836
s_aureus,7,pI,2,0.7657494779428925,0.4875823716758847,0.6483084310696817,0.7234988228850192,0.8012515022340256
s_aureus,7,pI,3,0.7569325438581012,0.47133028782140496,0.623713701803853,0.7157991468458748,0.7938820567403764
s_aureus,7,mean_hydrophobicity,0,0.9640057574544667,0.937341560384558,0.17195295607119815,0.9548593101236517,0.9707215296707933
s_aureus,7,mean_hydrophobicity,1,0.8817236623844714,0.793289985921119,0.31954774338690484,0.8589965929827352,0.9002119830208049
s_aureus,7,mean_hydrophobicity,2,0.8476278632038022,0.7542172655462341,0.3536718866713736,0.8194998757038069,0.8714784020379157
s_aureus,7,mean_hydrophobicity,3,0.7860110441787586,0.6376520022371303,0.4157014168808063,0.7469823047446456,0.8169274584978541
s_aureus,7,hydrophilic_fraction,0,0.9565393514122507,0.9235920197237626,0.02467625881853197,0.9475946030896846,0.9636474031926329
s_aureus,7,hydrophilic_fraction,1,0.8638107651881857,0.7768023561940121,0.04266323982453946,0.8388709555283264,0.8878422041415283
s_aureus,7,hydrophilic_fraction,2,0.8370962761468583,0.7118355733245882,0.04863563844958693,0.8086946224895131,0.8623714733185084
s_aureus,7,hydrophilic_fraction,3,0.743782311551821,0.6105783223798291,0.05721937026881511,0.6982659111690941,0.783440363995358
s_aureus,7,helix_propensity,0,0.9368106408672815,0.8901999046492375,0.0377176379127104,0.9239164518144507,0.9467551375954616
s_aureus,7,helix_propensity,1,0.7826978593930332,0.705056669143833,0.06356798119684683,0.746775315241684,0.8191786114542718
s_aureus,7,helix_propensity,2,0.7666164484101524,0.5954919448196366,0.07217107157077826,0.7283480524782231,0.8002351541282925
s_aureus,7,helix_propensity,3,0.660711631754025,0.47407475762184914,0.0826447766035648,0.6105439752287176,0.7050431473866536
s_aureus,7,hydrophobic_moment,0,0.8372900350706802,0.7048518234837413,0.23344273735789714,0.807729447738609,0.860932952770945
s_aureus,7,hydrophobic_moment,1,0.6887682614017796,0.4695981582734605,0.3165100405589779,0.6416332436117012,0.7342823989889902
s_aureus,7,hydrophobic_moment,2,0.6998228158887498,0.5042603707862783,0.30787825657372003,0.6551429438484104,0.7384348031828253
s_aureus,7,hydrophobic_moment,3,0.6527579824385923,0.46036095364151997,0.3261253583816601,0.6006651979726851,0.6990104884397094
s_aureus,8,net_charge,0,0.9321775493227593,0.8908474933618908,0.4763523270383739,0.9182527167868612,0.9425821538558138
s_aureus,8,net_charge,1,0.8518498817977896,0.7544254043820735,0.714952651780422,0.8226693660800214,0.87494549695643
s_aureus,8,net_charge,2,0.7446672147879764,0.5953283117200399,0.9401549484055199,0.7022126779509199,0.7810404997154519
s_aureus,8,net_charge,3,0.7498852357778928,0.5203355958735125,1.051147538021968,0.7130408298027583,0.7849162933247963
s_aureus,8,charge_density,0,0.9541688416983893,0.9160067588066874,0.028480875196210956,0.9457340869511353,0.9611311158396209
s_aureus,8,charge_density,1,0.858881993589175,0.7097966294068571,0.05259495745523552,0.8348591569605495,0.8792021737609064
s_aureus,8,charge_density,2,0.8182591997619826,0.6381189285826008,0.05976296852743399,0.785488536580272,0.8461970245223596
s_aureus,8,charge_density,3,0.7777244980541473,0.5222923409059015,0.06918444811837224,0.7442597171034981,0.8074714675136537
s_aureus,8,pI,0,0.9088621395899558,0.7429813592122412,0.4608803561353306,0.8913568980203255,0.9224489238356017
s_aureus,8,pI,1,0.8330413731356063,0.5878561136423774,0.573856671250711,0.8047344496474391,0.8586242311604825
s_aureus,8,pI,2,0.7181080995158613,0.4205469339947122,0.6911188634737268,0.6695446109789025,0.7604098335450327
s_aureus,8,pI,3,0.6767014947898263,0.25640104416983045,0.8155788005618596,0.6321720474403262,0.7162177665365566
s_aureus,8,mean_hydrophobicity,0,0.9525119441559978,0.9314957484960351,0.18186205379962833,0.9408608270630464,0.960657736449847
s_aureus,8,mean_hydrophobicity,1,0.8395792741140479,0.7620856214000817,0.3358542524747123,0.8041720904970996,0.8677094129547972
s_aureus,8,mean_hydrophobicity,2,0.7778969826361285,0.6694821100708301,0.40358222735461,0.7395382886072972,0.8101487493155826
s_aureus,8,mean_hydrophobicity,3,0.7206590849868836,0.467470179671043,0.5078609453056676,0.6789835086121665,0.7571444006347224
s_aureus,8,hydrophilic_fraction,0,0.9262355390555583,0.8802621626707758,0.031272614098129425,0.9105546395287479,0.9388440099453634
s_aureus,8,hydrophilic_fraction,1,0.8350116688251366,0.7349234744337211,0.04514362621243154,0.8034895236210475,0.863221889499404
s_aureus,8,hydrophilic_fraction,2,0.7759170141186374,0.6626315534374545,0.0530233181652293,0.7359835333155191,0.8109814565683378
s_aureus,8,hydrophilic_fraction,3,0.6853586471547826,0.47968640044721544,0.06421503824449544,0.6391130635062059,0.7293750641080204
s_aureus,8,helix_propensity,0,0.9313375056748135,0.8824717956211153,0.03992112817692695,0.9146964513152599,0.9428556410286818
s_aureus,8,helix_propensity,1,0.7561359667887584,0.6369877746335084,0.06821056009388761,0.7159899133616853,0.7899098897641238
s_aureus,8,helix_propensity,2,0.7387193165649487,0.553571558445948,0.07627398457375975,0.6967333623778535,0.773888366433105
s_aureus,8,helix_propensity,3,0.6868060007262001,0.4995280033799019,0.07966148173102561,0.637006812715056,0.7313899569820824
s_aureus,8,hydrophobic_moment,0,0.840441024111862,0.7002685468725014,0.23642381116961006,0.8086409701565808,0.8655529787626932
s_aureus,8,hydrophobic_moment,1,0.7324503985544086,0.5529561555865705,0.2946016295564705,0.684326404101137,0.7722445196907829
s_aureus,8,hydrophobic_moment,2,0.7323290146964112,0.5498438519138822,0.2951995966528144,0.6894140595405605,0.768540926386599
s_aureus,8,hydrophobic_moment,3,0.664556727767701,0.46791754265478336,0.32659788658194977,0.6092309052309347,0.7090083961122112
s_aureus,9,net_charge,0,0.9257525665429515,0.8749737903962883,0.5102537684848059,0.9084509144914157,0.9393222562660355
s_aureus,9,net_charge,1,0.8614453816207059,0.76541739387891,0.7006905053848024,0.833154827892925,0.8845212886986209
s_aureus,9,net_charge,2,0.8361514057482471,0.7140222208995737,0.7822980853015558,0.803250663929531,0.8601760942897905
s_aureus,9,net_charge,3,0.7503183922773365,0.570970039779355,0.9415222869088065,0.7078176008026348,0.7879859552536848
s_aureus,9,charge_density,0,0.9581225116298823,0.9101612079141032,0.029299211645069805,0.950160504172969,0.9640926714397889
s_aureus,9,charge_density,1,0.8871481979336626,0.7731371927692464,0.04700355974933537,0.8684653541211831,0.9022020343331747
s_aureus,9,charge_density,2,0.8736164609848347,0.7302114814903958,0.0507990695342199,0.8545264152999011,0.8890482469797096
s_aureus,9,charge_density,3,0.7712826417218536,0.5696962430684661,0.06388206840359782,0.7345305661055324,0.804198484797542
s_aureus,9,pI,0,0.8746780872445894,0.7022228678125433,0.4984149184940367,0.84903699290038,0.8962755506092764
s_aureus,9,pI,1,0.717707828316255,0.4619713247860232,0.6643122248011311,0.6722636366856164,0.7597451854442462
s_aureus,9,pI,2,0.6859335345471766,0.3506665518637493,0.7651110213572583,0.6365199373998501,0.7282523120257599
s_aureus,9,pI,3,0.7069218715388155,0.3986317372579359,0.6851171631700408,0.6620640968655717,0.7501862883109504
s_aureus,9,mean_hydrophobicity,0,0.9470445491094485,0.920914732093748,0.1928411339113638,0.9344610786115506,0.9568590378357084
s_aureus,9,mean_hydrophobicity,1,0.8944306141530106,0.8031705983000935,0.31140841338147307,0.8739170978604811,0.9106634593810408
s_aureus,9,mean_hydrophobicity,2,0.8747056903133024,0.7720613294920973,0.3378253724825172,0.8501581017520612,0.8973540698669475
s_aureus,9,mean_hydrophobicity,3,0.8050930538391186,0.6592547127191771,0.41042525633596744,0.7693577387484887,0.8379335511380607
s_aureus,9,hydrophilic_fraction,0,0.9413085631300769,0.898200727854746,0.028784173017185402,0.9292614583379056,0.9494126724179713
s_aureus,9,hydrophilic_fraction,1,0.8581929946696089,0.736647855885868,0.0482518036490166,0.8325010806785649,0.878086315058472
s_aureus,9,hydrophilic_fraction,2,0.8337595912936333,0.6894931597613385,0.0499335792358945,0.802978008786096,0.8593326530510145
s_aureus,9,hydrophilic_fraction,3,0.7863003517374185,0.5898075935601104,0.05745645344581368,0.7515647790976123,0.8173244079897259
s_aureus,9,helix_propensity,0,0.9514705146205783,0.9003864840700986,0.036201148641062365,0.9428547530470535,0.9582760230960997
s_aureus,9,helix_propensity,1,0.7611842467379755,0.611284594181967,0.07219019370531579,0.7229489131148322,0.795633190179271
s_aureus,9,helix_propensity,2,0.80447857147345,0.6471228202714496,0.06818643748938122,0.7705771380850127,0.833041711901479
s_aureus,9,helix_propensity,3,0.6565855985523528,0.45922816744541584,0.08396210975557468,0.6099682685197625,0.7049903982251957
s_aureus,9,hydrophobic_moment,0,0.8797370563184209,0.8037568522094849,0.18753986808267975,0.8553062957152252,0.8985558352126067
s_aureus,9,hydrophobic_moment,1,0.8290722072852004,0.7028586030060531,0.23582820781780042,0.79690683158735,0.853333115598465
s_aureus,9,hydrophobic_moment,2,0.8259586410280383,0.6858165911308004,0.23973237867226846,0.7963204973459145,0.8494083359659571
s_aureus,9,hydrophobic_moment,3,0.6268374671898914,0.4661001135291756,0.31412130711907504,0.5656244750704235,0.6751215283246017
