species,seed,property,dc_spearman,best_non_dc_spearman,dc_preference,dc_ci_excludes_zero,dc_beats_non_dc
e_coli,0,charge_density,0.9572956652106805,0.8809374816308106,0.0763581835798699,True,True
e_coli,0,helix_propensity,0.9186350584284964,0.7634989762332793,0.15513608219521702,True,True
e_coli,0,hydrophilic_fraction,0.9407594936236815,0.8332103399495582,0.10754915367412332,True,True
e_coli,0,hydrophobic_moment,0.7904980711351292,0.7112824970934222,0.07921557404170698,True,True
e_coli,0,mean_hydrophobicity,0.9639644918493759,0.8608450726125175,0.10311941923685841,True,True
e_coli,0,net_charge,0.9331545125428854,0.8872798147813764,0.04587469776150899,True,True
e_coli,0,pI,0.8330017173129067,0.7630919337399533,0.06990978357295341,True,True
e_coli,1,charge_density,0.9626716592381978,0.9031769157383585,0.0594947434998393,True,True
e_coli,1,helix_propensity,0.9431241427497419,0.7967609912791428,0.14636315147059908,True,True
e_coli,1,hydrophilic_fraction,0.9420507826567915,0.891880600760417,0.050170181896374566,True,True
e_coli,1,hydrophobic_moment,0.8685720904051437,0.7822505460874948,0.08632154431764893,True,True
e_coli,1,mean_hydrophobicity,0.9628294308506485,0.9133696645753957,0.04945976627525284,True,True
e_coli,1,net_charge,0.9464485714030032,0.895310349002696,0.05113822240030719,True,True
e_coli,1,pI,0.8550083035585962,0.7215546494392722,0.13345365411932408,True,True
e_coli,2,charge_density,0.9704598859155907,0.910106565248195,0.06035332066739574,True,True
e_coli,2,helix_propensity,0.9443657057588654,0.7671034298019473,0.17726227595691801,True,True
e_coli,2,hydrophilic_fraction,0.9372104668846106,0.8479905485693044,0.08921991831530618,True,True
e_coli,2,hydrophobic_moment,0.8489229701822908,0.7401482703668769,0.10877469981541388,True,True
e_coli,2,mean_hydrophobicity,0.9626230477123708,0.8807721945498925,0.08185085316247831,True,True
e_coli,2,net_charge,0.9451126702414895,0.9110006238672274,0.03411204637426213,True,True
e_coli,2,pI,0.8635270463339128,0.8355665903241494,0.02796045600976338,True,True
e_coli,3,charge_density,0.9707360111428159,0.8644888308305216,0.1062471803122943,True,True
e_coli,3,helix_propensity,0.9475804631549166,0.7500859934749071,0.1974944696800095,True,True
e_coli,3,hydrophilic_fraction,0.9580842881512406,0.8748048844526679,0.08327940369857267,True,True
e_coli,3,hydrophobic_moment,0.8388523623642378,0.7680996155223556,0.07075274684188215,True,True
e_coli,3,mean_hydrophobicity,0.9662023786251973,0.8971974278261844,0.06900495079901292,True,True
e_coli,3,net_charge,0.9558597404962481,0.8501643145025898,0.10569542599365833,True,True
e_coli,3,pI,0.861219674775346,0.7940255657581129,0.0671941090172331,True,True
e_coli,4,charge_density,0.9572174781531759,0.8917511310528523,0.06546634710032362,True,True
e_coli,4,helix_propensity,0.9352750165048204,0.7571849578271419,0.17809005867767846,True,True
e_coli,4,hydrophilic_fraction,0.9339859842706457,0.8246825075041523,0.10930347676649343,True,True
e_coli,4,hydrophobic_moment,0.7507639525463334,0.6058336835193086,0.14493026902702488,True,True
e_coli,4,mean_hydrophobicity,0.9631561131713832,0.8489930587415553,0.11416305442982788,True,True
e_coli,4,net_charge,0.9484768267174273,0.8770199642516915,0.0714568624657358,True,True
e_coli,4,pI,0.8883722789044459,0.8231738072300637,0.0651984716743822,True,True
e_coli,5,charge_density,0.9740021204838917,0.9127590033433748,0.06124311714051689,True,True
e_coli,5,helix_propensity,0.9509404472135579,0.8164258846739915,0.1345145625395664,True,True
e_coli,5,hydrophilic_fraction,0.9500700348881217,0.8440361425376788,0.10603389235044292,True,True
e_coli,5,hydrophobic_moment,0.8732667691000362,0.7034310095757563,0.16983575952427987,True,True
e_coli,5,mean_hydrophobicity,0.9722009425664335,0.8838101143751438,0.08839082819128974,True,True
e_coli,5,net_charge,0.9607641823109073,0.8882084466158126,0.07255573569509477,True,True
e_coli,5,pI,0.9004024424532198,0.7565751633440364,0.14382727910918336,True,True
e_coli,6,charge_density,0.9619061107897123,0.8640469675471992,0.0978591432425131,True,True
e_coli,6,helix_propensity,0.9436416828142447,0.7873911595336776,0.1562505232805671,True,True
e_coli,6,hydrophilic_fraction,0.9501846964071349,0.8402730488709753,0.10991164753615956,True,True
e_coli,6,hydrophobic_moment,0.8546063178404187,0.7355495385270862,0.11905677931333258,True,True
e_coli,6,mean_hydrophobicity,0.970382650308719,0.8699812968179288,0.10040135349079016,True,True
e_coli,6,net_charge,0.9418559042955144,0.8364142347179132,0.10544166957760115,True,True
e_coli,6,pI,0.8756112854486067,0.7773583478693782,0.09825293757922848,True,True
e_coli,7,charge_density,0.9732586494696319,0.9003847772651662,0.07287387220446573,True,True
e_coli,7,helix_propensity,0.9448234520540671,0.80089183364969,0.14393161840437718,True,True
e_coli,7,hydrophilic_fraction,0.9453608772300519,0.8816808160102164,0.0636800612198355,True,True
e_coli,7,hydrophobic_moment,0.7803769454936569,0.6796336173576143,0.10074332813604259,True,True
e_coli,7,mean_hydrophobicity,0.9647228337654302,0.8836454038655224,0.08107742989990785,True,True
e_coli,7,net_charge,0.9604773110973231,0.8864066927415658,0.07407061835575734,True,True
e_coli,7,pI,0.8773089379293895,0.8197776835039433,0.057531254425446154,True,True
e_coli,8,charge_density,0.962315959017536,0.8517325337489426,0.11058342526859333,True,True
e_coli,8,helix_propensity,0.9470256769406205,0.7613549715957821,0.18567070534483832,True,True
e_coli,8,hydrophilic_fraction,0.9592813188615189,0.8718550303404825,0.0874262885210364,True,True
e_coli,8,hydrophobic_moment,0.7478752397769286,0.7167080558145351,0.031167183962393485,True,True
e_coli,8,mean_hydrophobicity,0.9750819238643172,0.8824584926423302,0.09262343122198702,True,True
e_coli,8,net_charge,0.9438169664662773,0.8812129164004174,0.0626040500658599,True,True
e_coli,8,pI,0.8695854760533692,0.8457934620449004,0.023792014008468865,True,True
e_coli,9,charge_density,0.9619570757971367,0.8746256301630413,0.08733144563409545,True,True
e_coli,9,helix_propensity,0.947962532382347,0.79549178984972,0.15247074253262693,True,True
e_coli,9,hydrophilic_fraction,0.9416589190931046,0.8470075292425674,0.09465138985053723,True,True
e_coli,9,hydrophobic_moment,0.8474366173872406,0.7891631977915471,0.05827341959569354,True,True
e_coli,9,mean_hydrophobicity,0.9658937199014038,0.8617205864134075,0.10417313348799628,True,True
e_coli,9,net_charge,0.9383277180428635,0.8793615118000263,0.058966206242837216,True,True
e_coli,9,pI,0.8617989958885321,0.7802899901848728,0.08150900570365938,True,True
s_aureus,0,charge_density,0.9490359934828617,0.8555470307721128,0.09348896271074891,True,True
s_aureus,0,helix_propensity,0.9385434932262734,0.7441534641032104,0.19439002912306302,True,True
s_aureus,0,hydrophilic_fraction,0.9359992160097295,0.831179485239456,0.10481973077027351,True,True
s_aureus,0,hydrophobic_moment,0.8960338937475318,0.8551447335545244,0.04088916019300748,True,True
s_aureus,0,mean_hydrophobicity,0.9526811789643974,0.8536419321419543,0.09903924682244314,True,True
s_aureus,0,net_charge,0.9203980703025607,0.8374193124137368,0.08297875788882392,True,True
s_aureus,0,pI,0.8595664251919048,0.7439783702544276,0.11558805493747726,True,True
s_aureus,1,charge_density,0.9617876265558835,0.8685641822575617,0.09322344429832174,True,True
s_aureus,1,helix_propensity,0.9435746589316115,0.7937653126911336,0.14980934624047793,True,True
s_aureus,1,hydrophilic_fraction,0.9535469433272766,0.8494560278569627,0.1040909154703139,True,True
s_aureus,1,hydrophobic_moment,0.8750293544481896,0.7842851489603151,0.09074420548787454,True,True
s_aureus,1,mean_hydrophobicity,0.9588394325849205,0.8609149280873706,0.09792450449754997,True,True
s_aureus,1,net_charge,0.9369915144637195,0.8200667188094753,0.11692479565424418,True,True
s_aureus,1,pI,0.904058656056087,0.7748296463206943,0.12922900973539275,True,True
s_aureus,2,charge_density,0.9660542238802398,0.9057539378435076,0.06030028603673221,True,True
s_aureus,2,helix_propensity,0.9478931453223274,0.7984231065498756,0.1494700387724518,True,True
s_aureus,2,hydrophilic_fraction,0.9438240440123907,0.8489208301346796,0.09490321387771117,True,True
s_aureus,2,hydrophobic_moment,0.8728637539422673,0.8062356621908335,0.0666280917514338,True,True
s_aureus,2,mean_hydrophobicity,0.9642932597895891,0.8620592431522527,0.10223401663733644,True,True
s_aureus,2,net_charge,0.9358223999340114,0.8664360845559661,0.0693863153780453,True,True
s_aureus,2,pI,0.8958819820924361,0.7799601685184876,0.11592181357394848,True,True
s_aureus,3,charge_density,0.9678093404258648,0.8563202447614888,0.11148909566437593,True,True
s_aureus,3,helix_propensity,0.9367946519435482,0.7522007925725903,0.18459385937095785,True,True
s_aureus,3,hydrophilic_fraction,0.9468742770878639,0.8126208757887319,0.134253401299132,True,True
s_aureus,3,hydrophobic_moment,0.8748652987744756,0.7855296381360912,0.08933566063838438,True,True
s_aureus,3,mean_hydrophobicity,0.9483604891724915,0.8702141253866899,0.07814636378580164,True,True
s_aureus,3,net_charge,0.9455681163298723,0.7993957599740913,0.14617235635578096,True,True
s_aureus,3,pI,0.9064240392347177,0.768783816704379,0.1376402225303387,True,True
s_aureus,4,charge_density,0.9594596651670655,0.8891389064122207,0.07032075875484478,True,True
s_aureus,4,helix_propensity,0.9579516787775127,0.809810830650208,0.14814084812730477,True,True
s_aureus,4,hydrophilic_fraction,0.9393777337027966,0.7771630887314191,0.1622146449713775,True,True
s_aureus,4,hydrophobic_moment,0.8181028089642461,0.6566663552006872,0.16143645376355897,True,True
s_aureus,4,mean_hydrophobicity,0.9693280304893271,0.8317095508914376,0.13761847959788953,True,True
s_aureus,4,net_charge,0.9360498352354463,0.8307848799883556,0.10526495524709067,True,True
s_aureus,4,pI,0.9131214468206722,0.8261272759085942,0.08699417091207795,True,True
s_aureus,5,charge_density,0.9600577963621568,0.8959419193423891,0.06411587701976773,True,True
s_aureus,5,helix_propensity,0.9436681542803637,0.7677189339343286,0.1759492203460351,True,True
s_aureus,5,hydrophilic_fraction,0.9455720658054736,0.7992074711495584,0.14636459465591523,True,True
s_aureus,5,hydrophobic_moment,0.8328860037440372,0.7771061139209783,0.055779889823058926,True,True
s_aureus,5,mean_hydrophobicity,0.9555549369210431,0.834432539427252,0.12112239749379106,True,True
s_aureus,5,net_charge,0.9324508750134001,0.8644769143322746,0.06797396068112549,True,True
s_aureus,5,pI,0.8899143635250204,0.7601707689445307,0.12974359458048967,True,True
s_aureus,6,charge_density,0.9685332003308127,0.8703594195023991,0.09817378082841355,True,True
s_aureus,6,helix_propensity,0.9571857108651691,0.792773694645455,0.16441201621971413,True,True
s_aureus,6,hydrophilic_fraction,0.9602665073692026,0.8053472845568135,0.15491922281238912,True,True
s_aureus,6,hydrophobic_moment,0.893694583098881,0.7408827805105105,0.15281180258837046,True,True
s_aureus,6,mean_hydrophobicity,0.9574655421367803,0.8476868212179166,0.10977872091886365,True,True
s_aureus,6,net_charge,0.9262946921985731,0.8169524333214592,0.10934225887711391,True,True
s_aureus,6,pI,0.9087193932257597,0.8022652428676044,0.10645415035815531,True,True
s_aureus,7,charge_density,0.9705304003010073,0.8873307799240617,0.08319962037694562,True,True
s_aureus,7,helix_propensity,0.9368106408672815,0.7826978593930332,0.15411278147424834,True,True
s_aureus,7,hydrophilic_fraction,0.9565393514122507,0.8638107651881857,0.09272858622406499,True,True
s_aureus,7,hydrophobic_moment,0.8372900350706802,0.6998228158887498,0.1374672191819304,True,True
s_aureus,7,mean_hydrophobicity,0.9640057574544667,0.8817236623844714,0.08228209506999529,True,True
s_aureus,7,net_charge,0.9392435905901045,0.8537922153840517,0.08545137520605284,True,True
s_aureus,7,pI,0.9041666000361481,0.8026064052633021,0.10156019477284606,True,True
s_aureus,8,charge_density,0.9541688416983893,0.858881993589175,0.09528684810921428,True,True
s_aureus,8,helix_propensity,0.9313375056748135,0.7561359667887584,0.17520153888605516,True,True
s_aureus,8,hydrophilic_fraction,0.9262355390555583,0.8350116688251366,0.09122387023042178,True,True
s_aureus,8,hydrophobic_moment,0.840441024111862,0.7324503985544086,0.10799062555745331,True,True
s_aureus,8,mean_hydrophobicity,0.9525119441559978,0.8395792741140479,0.11293267004194996,True,True
s_aureus,8,net_charge,0.9321775493227593,0.8518498817977896,0.08032766752496967,True,True
s_aureus,8,pI,0.9088621395899558,0.8330413731356063,0.07582076645434943,True,True
s_aureus,9,charge_density,0.9581225116298823,0.8871481979336626,0.07097431369621965,True,True
s_aureus,9,helix_propensity,0.9514705146205783,0.80447857147345,0.14699194314712827,True,True
s_aureus,9,hydrophilic_fraction,0.9413085631300769,0.8581929946696089,0.08311556846046808,True,True
s_aureus,9,hydrophobic_moment,0.8797370563184209,0.8290722072852004,0.05066484903322055,True,True
s_aureus,9,mean_hydrophobicity,0.9470445491094485,0.8944306141530106,0.05261393495643785,True,True
s_aureus,9,net_charge,0.9257525665429515,0.8614453816207059,0.06430718492224552,True,True
s_aureus,9,pI,0.8746780872445894,0.717707828316255,0.15697025892833438,True,True
